eval_loss,eval_runtime,eval_samples_per_second,eval_steps_per_second,epoch,step,loss,grad_norm,learning_rate,train_runtime,train_samples_per_second,train_steps_per_second,total_flos,train_loss
,162.9271,19.616,2.455,1.0,799,,,,,,,,
,,,,1.2515644555694618,1000,0.0,,4.34144990970077e-05,,,,,
,162.9383,19.615,2.455,2.0,1598,,,,,,,,
,,,,2.5031289111389237,2000,0.0,,1.8467995876983002e-05,,,,,
,162.8869,19.621,2.456,3.0,2397,,,,,,,,
,,,,3.7546933667083855,3000,0.0,,5.708007546841893e-07,,,,,
,162.8883,19.621,2.456,4.0,3196,,,,,,,,
,,,,4.0,3196,,,,5408.5051,9.453,0.591,2.4291316568005018e+17,0.0
